{
    "total_runtime": 12.79508352279663,
    "num_documents": 1,
    "input_load_time": 0,
    "workflows": {
        "create_base_text_units": {
            "overall": 0.07795166969299316
        },
        "create_final_documents": {
            "overall": 0.06029939651489258
        },
        "extract_graph": {
            "overall": 5.639700651168823
        },
        "finalize_graph": {
            "overall": 0.23550105094909668
        },
        "create_communities": {
            "overall": 0.12538957595825195
        },
        "create_final_text_units": {
            "overall": 0.0964193344116211
        },
        "create_community_reports": {
            "overall": 3.042208194732666
        },
        "generate_text_embeddings": {
            "overall": 3.330545425415039
        }
    }
}